,longitude,latitude,arvT,levT,stayTime,distance
1,113.907068,22.579085,1/1/2018 0:00,11/20/2018 10:35,38129,0
2,114.03527,22.616651,11/20/2018 10:37,2/25/2019 10:05,84497,0
3,110.304748,25.355926,2/25/2019 10:07,2/25/2019 10:21,873,0
4,110.304481,25.352994,2/25/2019 11:05,2/25/2019 11:12,381,0
5,110.304512,25.352939,2/25/2019 11:12,2/25/2019 11:36,1479,0
6,110.304466,25.352996,2/25/2019 11:40,2/25/2019 13:16,5808,0
7,110.311195,25.316646,2/25/2019 13:36,2/25/2019 13:43,412,0
8,110.304244,25.317869,2/25/2019 13:46,2/25/2019 17:36,13820,0
9,110.30384,25.319543,2/25/2019 17:40,2/25/2019 17:48,527,0
10,110.300079,25.303159,2/25/2019 17:57,2/25/2019 20:15,8269,0
11,110.303817,25.318164,2/25/2019 20:23,2/26/2019 12:37,58442,0
12,110.159912,25.242895,2/26/2019 14:11,2/26/2019 14:45,2024,0
13,110.190086,25.236995,2/26/2019 14:54,2/26/2019 15:02,447,0
14,110.190078,25.236995,2/26/2019 15:02,2/26/2019 15:41,2334,0
15,110.20182,25.246604,2/26/2019 15:52,2/26/2019 16:21,1743,0
16,110.185539,25.273435,2/26/2019 16:30,2/26/2019 16:36,368,0.444779707
17,110.185546,25.273443,2/26/2019 16:36,2/26/2019 16:48,727,0
18,110.311714,25.375968,2/26/2019 18:21,2/26/2019 20:38,8198,0
19,110.304229,25.317811,2/27/2019 14:06,2/27/2019 15:23,4586,0
20,110.310417,25.35617,2/27/2019 15:45,2/27/2019 16:01,955,0
21,110.309509,25.356416,2/27/2019 16:09,2/27/2019 16:28,1122,0
22,110.300376,25.341884,2/27/2019 16:43,2/27/2019 16:54,686,0
23,110.302101,25.328773,2/27/2019 17:06,2/27/2019 17:15,558,0
24,110.302093,25.328773,2/27/2019 17:15,2/27/2019 17:27,679,0
25,110.304367,25.349546,2/27/2019 17:59,2/27/2019 20:36,9436,0
26,110.304367,25.352996,2/27/2019 20:41,2/27/2019 20:54,799,0.222389853
27,110.304382,25.353126,2/27/2019 21:18,2/28/2019 10:56,49049,0
28,110.314826,25.35069,2/28/2019 11:03,2/28/2019 11:31,1717,0
29,110.305274,25.318498,2/28/2019 11:56,2/28/2019 14:03,7608,0
30,110.3097,25.373403,2/28/2019 15:32,2/28/2019 16:29,3423,0
31,110.302536,25.35633,2/28/2019 16:34,2/28/2019 17:00,1572,0
32,110.304611,25.353031,2/28/2019 17:10,3/1/2019 9:18,58055,0
33,110.303924,25.318227,3/1/2019 9:44,3/1/2019 14:19,16496,0
34,110.354454,25.413389,3/1/2019 15:04,3/1/2019 15:11,423,0
35,110.355064,25.413713,3/1/2019 15:13,3/1/2019 15:22,517,0
36,110.303482,25.350767,3/1/2019 17:09,3/1/2019 17:16,409,0
37,110.303611,25.350782,3/1/2019 17:18,3/1/2019 17:29,697,0
38,110.303611,25.350826,3/1/2019 17:30,3/1/2019 17:35,333,0
39,110.303611,25.350833,3/1/2019 17:35,3/1/2019 18:55,4786,0
40,110.304443,25.353,3/1/2019 19:01,3/2/2019 10:12,54635,0
41,110.289634,25.28486,3/2/2019 11:38,3/2/2019 12:51,4389,0
42,110.299507,25.317665,3/2/2019 13:02,3/2/2019 14:01,3564,0
43,110.304588,25.353012,3/2/2019 14:23,3/3/2019 16:17,6879,0
44,110.304275,25.317811,3/4/2019 10:21,3/4/2019 10:31,583,0
45,110.304275,25.317804,3/4/2019 10:31,3/4/2019 11:10,2345,0
46,110.251701,25.265085,3/4/2019 12:33,3/4/2019 13:02,1720,0
47,110.260726,25.275306,3/4/2019 13:14,3/4/2019 14:27,4389,0
48,110.304084,25.317979,3/6/2019 9:33,3/6/2019 9:41,516,0
49,110.312004,25.316278,3/6/2019 11:03,3/6/2019 11:12,548,0
50,110.30426,25.317716,3/6/2019 11:31,3/6/2019 17:45,22408,0
51,110.304176,25.317762,3/7/2019 8:26,3/7/2019 9:15,2937,0
52,110.275497,25.270009,3/7/2019 9:37,3/7/2019 9:55,1035,0
53,110.275459,25.269996,3/7/2019 9:55,3/7/2019 10:03,481,0
54,110.277107,25.25057,3/7/2019 10:10,3/7/2019 10:40,1792,0
55,110.274314,25.239389,3/7/2019 10:42,3/7/2019 11:10,1702,0
56,110.284225,25.229953,3/7/2019 11:13,3/7/2019 11:44,1846,0
57,110.190086,25.250494,3/7/2019 12:24,3/7/2019 12:32,486,0
58,110.194747,25.24686,3/7/2019 12:41,3/7/2019 13:12,1874,0
59,110.283004,25.207586,3/7/2019 13:32,3/7/2019 13:38,334,0
60,110.282455,25.206321,3/7/2019 13:40,3/7/2019 13:47,422,0.222389853
61,110.296028,25.225862,3/7/2019 14:18,3/7/2019 14:30,727,0
62,110.299659,25.226703,3/7/2019 14:34,3/7/2019 15:03,1772,0
63,110.302223,25.234445,3/7/2019 15:14,3/7/2019 15:28,804,0
64,110.300781,25.232473,3/7/2019 15:33,3/7/2019 15:44,622,0
65,110.221603,25.294517,3/7/2019 16:53,3/7/2019 17:08,888,0
66,110.287765,25.273813,3/7/2019 17:53,3/7/2019 18:24,1863,0
67,110.304267,25.317752,3/7/2019 19:17,3/7/2019 20:05,2870,0
68,110.304298,25.317783,3/7/2019 20:05,3/7/2019 20:48,2595,0
69,110.304595,25.353073,3/7/2019 21:16,3/8/2019 8:16,39634,0
70,110.300292,25.322005,3/8/2019 8:27,3/8/2019 8:40,783,0.444779707
71,109.405677,25.224386,3/8/2019 12:22,3/8/2019 13:47,5088,0
72,109.414482,25.234144,3/8/2019 13:50,3/8/2019 14:10,1243,0
73,109.208831,23.732221,3/8/2019 16:54,3/8/2019 17:49,3293,0
74,109.382965,24.325809,3/9/2019 12:18,3/9/2019 13:06,2874,0
75,110.322731,25.251039,3/9/2019 19:14,3/9/2019 21:01,6454,0
76,110.313201,25.317541,3/9/2019 21:25,3/9/2019 21:43,1044,0
77,110.313049,25.317502,3/9/2019 21:43,3/9/2019 22:11,1664,0
78,110.304412,25.353055,3/9/2019 22:24,3/10/2019 7:53,34157,0
79,110.311897,25.316307,3/10/2019 8:10,3/10/2019 8:23,754,0
80,110.281883,25.277185,3/10/2019 9:05,3/10/2019 10:14,4153,0
81,110.304573,25.353134,3/10/2019 10:55,3/10/2019 14:05,11383,0
82,110.398895,25.190134,3/10/2019 15:38,3/10/2019 16:31,3205,0
83,110.354492,25.228689,3/10/2019 17:04,3/10/2019 17:55,3057,0
84,110.31974,25.272926,3/10/2019 19:27,3/10/2019 20:13,2767,0
85,110.319786,25.2725,3/10/2019 21:09,3/10/2019 21:22,752,0
86,110.304542,25.352865,3/10/2019 22:31,3/11/2019 8:55,37446,0
87,110.354461,25.413707,3/11/2019 9:10,3/11/2019 9:16,355,0
88,110.303962,25.318212,3/11/2019 10:05,3/11/2019 13:58,14026,0
89,110.304466,25.352994,3/11/2019 14:33,3/12/2019 8:37,65073,0
90,108.650764,24.480133,3/13/2019 11:13,3/13/2019 12:28,4517,0
91,108.253128,24.833105,3/13/2019 14:43,3/13/2019 14:54,651,0
92,108.258186,24.837987,3/13/2019 15:26,3/14/2019 2:23,39382,0
93,108.257324,24.826822,3/14/2019 2:28,3/14/2019 11:46,33519,0
94,108.247924,24.829341,3/14/2019 11:55,3/14/2019 12:06,614,0
95,108.096923,24.685207,3/14/2019 13:20,3/14/2019 13:38,1026,0
96,108.095474,24.699531,3/14/2019 14:13,3/14/2019 15:39,5184,0
97,108.029861,24.690553,3/14/2019 18:44,3/15/2019 8:15,48660,0
98,111.132888,25.439184,3/15/2019 22:07,3/15/2019 23:46,5956,0
99,111.132942,25.439113,3/15/2019 23:50,3/16/2019 4:30,16805,0
100,111.132926,25.439203,3/16/2019 6:19,3/16/2019 11:28,18504,0
101,111.132926,25.439226,3/16/2019 13:38,3/16/2019 14:01,1400,0
102,111.132934,25.439189,3/16/2019 14:01,3/16/2019 14:31,1817,0
103,111.132888,25.439208,3/16/2019 15:26,3/17/2019 2:14,38923,0
104,111.132911,25.439191,3/17/2019 5:03,3/17/2019 12:59,28536,0
105,111.157951,25.483531,3/17/2019 13:01,3/17/2019 13:06,336,0
106,111.158012,25.483518,3/17/2019 13:06,3/17/2019 13:29,1343,0
107,111.133049,25.439167,3/17/2019 13:40,3/17/2019 13:45,309,0.111194926
108,111.132965,25.439121,3/17/2019 13:45,3/17/2019 13:56,682,0
109,111.133308,25.439542,3/17/2019 14:37,3/17/2019 14:44,396,0
110,111.133049,25.43914,3/17/2019 15:25,3/17/2019 15:48,1401,0
111,111.133033,25.43913,3/17/2019 15:48,3/17/2019 17:36,6432,0
112,111.15802,25.483535,3/17/2019 18:49,3/18/2019 8:04,47723,0
113,111.133041,25.439151,3/18/2019 8:18,3/18/2019 12:19,14476,0
114,110.327186,25.270425,3/18/2019 16:06,3/18/2019 16:37,1857,0
115,110.304428,25.352956,3/18/2019 17:29,3/18/2019 20:29,10779,0
116,110.304405,25.353034,3/18/2019 20:29,3/18/2019 20:39,577,0
117,110.276695,25.249162,3/18/2019 21:57,3/18/2019 23:49,6713,0
118,110.32772,25.264842,3/19/2019 1:23,3/19/2019 1:45,1281,0
119,110.327659,25.264871,3/19/2019 1:45,3/19/2019 10:48,32582,0
120,110.305404,25.352199,3/19/2019 12:42,3/19/2019 14:15,5563,0
121,110.302482,25.356367,3/19/2019 14:19,3/19/2019 14:42,1372,0.33358478
122,110.300361,25.341888,3/19/2019 14:53,3/19/2019 15:00,386,0
123,110.300354,25.341823,3/19/2019 15:00,3/19/2019 15:05,308,0
124,110.302177,25.32851,3/19/2019 15:14,3/19/2019 15:34,1189,0
125,110.30429,25.317819,3/19/2019 15:41,3/19/2019 16:49,4086,0
126,110.305458,25.318506,3/19/2019 16:51,3/19/2019 18:40,6492,0
127,110.297683,25.303373,3/19/2019 18:53,3/19/2019 19:58,3879,0.222389853
128,110.19342,25.246553,3/20/2019 11:32,3/20/2019 11:51,1191,0
129,110.193443,25.24653,3/20/2019 11:51,3/20/2019 12:15,1412,0
130,110.178558,25.258529,3/20/2019 12:40,3/20/2019 12:49,532,0
131,110.175735,25.23406,3/20/2019 12:56,3/20/2019 13:31,2088,0
132,110.195281,25.246559,3/20/2019 13:39,3/20/2019 14:10,1874,0.222389853
133,110.201866,25.246534,3/20/2019 14:18,3/20/2019 15:18,3559,0
134,110.324195,25.243164,3/20/2019 16:29,3/20/2019 17:32,3745,0
135,110.306365,25.354524,3/20/2019 18:56,3/20/2019 19:12,941,0
136,110.3115,25.316652,3/21/2019 9:19,3/21/2019 9:29,583,0
137,110.304283,25.317708,3/21/2019 9:35,3/21/2019 18:07,30712,0.222389853
138,110.303764,25.352027,3/22/2019 9:57,3/22/2019 10:10,757,0
139,110.507705,24.747655,3/22/2019 13:08,3/22/2019 13:30,1311,0
140,110.507675,24.747686,3/22/2019 13:30,3/22/2019 13:56,1567,0
141,110.653388,24.627021,3/22/2019 15:03,3/22/2019 17:26,8532,0
142,110.66262,24.624347,3/22/2019 17:43,3/22/2019 17:58,894,0.222389853
143,110.652915,24.627429,3/22/2019 19:00,3/22/2019 20:14,4422,0
144,110.664772,24.625352,3/22/2019 20:23,3/23/2019 10:15,49910,0
145,110.69358,24.775131,3/23/2019 11:23,3/23/2019 12:08,2653,0
146,110.695869,24.777231,3/23/2019 12:29,3/23/2019 13:08,2284,0
147,110.851295,24.835304,3/23/2019 13:36,3/23/2019 14:12,2160,0
148,110.84848,24.835798,3/23/2019 14:15,3/23/2019 14:32,1060,0
149,110.820945,24.841903,3/23/2019 16:38,3/23/2019 16:51,756,0
150,110.816505,24.836196,3/23/2019 16:55,3/23/2019 19:25,8981,0
151,110.325401,25.30039,3/23/2019 21:49,3/25/2019 12:59,54608,0
152,110.224838,25.30598,3/25/2019 13:18,3/25/2019 13:24,360,0.444779707
153,110.159507,25.242618,3/25/2019 13:47,3/25/2019 13:54,405,0
154,109.387229,24.285572,3/25/2019 18:22,3/26/2019 8:50,52054,0
155,109.382591,24.325906,3/26/2019 9:14,3/26/2019 10:58,6263,0
156,109.387573,24.327522,3/26/2019 11:01,3/26/2019 15:55,17621,0
157,109.381729,24.326887,3/26/2019 16:24,3/26/2019 17:23,3554,0
158,109.38311,24.314912,3/26/2019 17:55,3/26/2019 18:03,492,0
159,109.259475,24.223508,3/27/2019 9:34,3/27/2019 9:39,302,0
160,109.258071,24.179069,3/27/2019 9:43,3/27/2019 9:54,641,0
161,109.247207,24.111967,3/27/2019 9:57,3/27/2019 10:04,387,0
162,109.245933,23.987068,3/27/2019 10:25,3/27/2019 10:44,1140,0
163,109.251899,23.855632,3/27/2019 11:44,3/27/2019 11:58,868,0
164,109.212432,23.75888,3/27/2019 12:08,3/27/2019 12:24,960,0
165,109.208778,23.732158,3/27/2019 12:59,3/27/2019 16:56,14219,0
166,109.210746,23.756946,3/27/2019 17:09,3/28/2019 10:51,63729,0
167,109.253997,23.829027,3/28/2019 10:51,3/28/2019 11:28,2189,0
168,109.253471,24.056245,3/28/2019 11:29,3/28/2019 11:45,962,0
169,109.308265,24.261459,3/28/2019 12:09,3/28/2019 12:24,914,0
170,109.338783,24.313619,3/28/2019 12:24,3/28/2019 12:58,2043,0
171,109.345428,24.517105,3/28/2019 13:02,3/28/2019 13:30,1706,0
172,109.359848,24.564844,3/28/2019 13:31,3/28/2019 14:44,4412,0
173,109.337814,25.073272,3/28/2019 14:46,3/28/2019 15:09,1402,0
174,109.396194,25.215435,3/28/2019 15:12,3/28/2019 19:20,14892,0
175,109.404808,25.224168,3/28/2019 19:20,3/28/2019 19:26,359,0
176,109.407394,25.219753,3/28/2019 19:26,3/29/2019 10:00,52412,0
177,109.407585,25.219787,3/29/2019 10:00,3/29/2019 10:44,2631,0
178,109.450347,25.372879,3/29/2019 10:44,3/29/2019 12:07,5007,0
179,109.681304,25.764667,3/29/2019 12:07,3/30/2019 17:20,18752,0
180,110.324287,25.243101,3/30/2019 17:20,3/30/2019 18:12,3170,0
181,110.304435,25.352989,3/31/2019 12:17,3/31/2019 12:22,315,0
182,110.303802,25.318311,3/31/2019 13:22,3/31/2019 13:42,1210,0
183,110.30384,25.318344,3/31/2019 13:42,3/31/2019 16:26,9833,0
184,110.170547,25.231716,3/31/2019 17:56,3/31/2019 19:35,5959,0
185,110.304458,25.353343,3/31/2019 20:36,4/1/2019 9:12,45341,0
186,110.303825,25.318477,4/1/2019 9:34,4/1/2019 12:28,10444,0
187,110.195861,25.250379,4/1/2019 14:28,4/1/2019 17:07,9512,0
188,110.672645,25.61465,4/2/2019 13:39,4/2/2019 14:05,1555,0
189,110.668357,25.596445,4/2/2019 14:20,4/2/2019 14:30,572,0
190,110.668502,25.596456,4/2/2019 14:30,4/2/2019 14:47,1026,0
191,110.30442,25.35301,4/2/2019 16:38,4/4/2019 10:37,64696,0
192,110.304443,25.353076,4/4/2019 10:37,4/4/2019 11:03,1607,0
193,110.300575,25.341821,4/4/2019 11:06,4/4/2019 11:40,2078,0
194,110.300819,25.328775,4/4/2019 11:45,4/4/2019 11:52,420,0
195,110.305252,25.318572,4/4/2019 12:07,4/4/2019 13:27,4815,0
196,111.15802,25.483499,4/4/2019 18:32,4/4/2019 19:41,4125,0
197,111.153656,25.501142,4/4/2019 21:05,4/4/2019 21:23,1097,0
198,111.153663,25.501138,4/4/2019 21:23,4/4/2019 22:11,2867,0
199,111.158042,25.483488,4/4/2019 22:24,4/5/2019 8:55,37868,0.111194926
200,111.135353,25.474376,4/5/2019 9:02,4/5/2019 9:14,756,0
201,111.108398,25.469829,4/5/2019 10:26,4/5/2019 12:03,5800,0
202,111.119506,25.441751,4/5/2019 12:17,4/5/2019 12:30,784,0
203,111.098937,25.411773,4/5/2019 12:33,4/5/2019 12:40,406,0
204,111.119483,25.441749,4/5/2019 12:46,4/5/2019 15:06,8389,0
205,111.109466,25.416528,4/5/2019 15:17,4/5/2019 16:12,3254,0
206,111.158004,25.48351,4/5/2019 16:38,4/5/2019 16:47,562,0
207,111.158035,25.483509,4/5/2019 17:29,4/5/2019 20:19,10211,0
208,111.158004,25.483518,4/5/2019 20:20,4/5/2019 20:46,1581,0
209,111.154037,25.501003,4/5/2019 21:07,4/6/2019 1:19,15141,0
210,111.154029,25.500997,4/6/2019 1:19,4/6/2019 1:25,344,0
211,111.15802,25.483514,4/6/2019 1:26,4/6/2019 7:31,21901,0.444779706
212,111.133308,25.439514,4/6/2019 7:49,4/6/2019 7:56,440,0
213,111.133316,25.439533,4/6/2019 8:24,4/6/2019 12:05,13281,0
214,111.133377,25.439662,4/6/2019 12:07,4/6/2019 13:14,4044,0
215,111.133346,25.439575,4/6/2019 16:02,4/6/2019 17:21,4705,0
216,111.158042,25.483484,4/6/2019 17:48,4/7/2019 8:26,52703,0
217,111.154693,25.487285,4/7/2019 8:36,4/7/2019 9:27,3051,0
218,111.158187,25.484025,4/7/2019 9:27,4/7/2019 11:05,5882,0
219,111.155181,25.492408,4/7/2019 11:11,4/7/2019 11:24,745,0
220,111.158134,25.484024,4/7/2019 11:27,4/7/2019 13:06,5943,0
221,110.311988,25.31632,4/7/2019 18:58,4/7/2019 20:22,5047,0.222389853
222,110.304496,25.353034,4/7/2019 21:33,4/8/2019 8:18,38734,0
223,110.304397,25.352916,4/8/2019 8:20,4/8/2019 8:33,769,0
224,110.304588,25.353076,4/8/2019 8:35,4/8/2019 8:45,575,0
225,111.518531,24.41555,4/8/2019 13:07,4/8/2019 15:34,8806,0
226,111.518562,24.415462,4/8/2019 15:40,4/8/2019 15:54,813,0
227,111.523376,24.448431,4/8/2019 16:05,4/8/2019 16:11,355,0
228,111.523353,24.448497,4/8/2019 16:11,4/8/2019 16:31,1214,0
229,111.550354,24.390781,4/8/2019 17:20,4/8/2019 18:21,3676,0
230,111.518653,24.415567,4/8/2019 18:37,4/8/2019 20:37,7207,0
231,111.526954,24.419645,4/8/2019 20:44,4/9/2019 9:14,45003,0
232,111.540565,24.418441,4/9/2019 11:05,4/9/2019 11:23,1034,0
233,111.518569,24.415609,4/9/2019 11:42,4/9/2019 14:01,8341,0
234,111.518562,24.415479,4/9/2019 14:33,4/11/2019 16:46,7995,0
235,111.522415,24.416217,4/11/2019 17:01,4/11/2019 17:14,757,0
236,111.538337,24.407032,4/11/2019 17:35,4/11/2019 17:50,864,0
237,111.518569,24.415521,4/11/2019 17:59,4/11/2019 18:09,591,0
238,111.528022,24.41463,4/11/2019 18:24,4/11/2019 19:13,2945,0
239,110.304435,25.352966,4/11/2019 22:05,4/12/2019 0:06,7298,0
240,110.304603,25.353113,4/12/2019 1:03,4/13/2019 14:22,47939,0
241,110.285293,25.342723,4/13/2019 14:31,4/13/2019 16:05,5657,0
242,110.184356,25.276317,4/13/2019 16:24,4/13/2019 16:32,458,0
243,110.159866,25.242974,4/13/2019 16:52,4/13/2019 16:58,332,0.222389853
244,110.173316,25.243515,4/13/2019 17:09,4/13/2019 17:19,637,0
245,110.180374,25.258491,4/13/2019 17:25,4/13/2019 17:52,1623,0
246,110.303871,25.318391,4/14/2019 16:08,4/14/2019 16:59,3035,0
247,110.306144,25.318085,4/14/2019 16:59,4/14/2019 17:33,2006,0.444779707
248,110.304809,25.352308,4/19/2019 13:48,4/19/2019 13:59,631,0
249,110.302551,25.356269,4/19/2019 14:01,4/19/2019 14:25,1415,0
250,110.300064,25.341852,4/19/2019 14:25,4/19/2019 14:47,1335,0
251,110.303848,25.318487,4/19/2019 15:04,4/19/2019 15:59,3244,0
252,110.30397,25.318159,4/19/2019 16:49,4/19/2019 18:37,6473,0
253,110.312965,25.311265,4/19/2019 18:45,4/19/2019 19:38,3194,0
254,110.314552,25.339508,4/19/2019 20:11,4/19/2019 21:12,3671,0
255,110.304626,25.353002,4/19/2019 23:45,4/20/2019 9:04,33566,0
256,110.303833,25.318328,4/20/2019 9:26,4/20/2019 11:37,7835,0
257,110.300758,25.328783,4/20/2019 11:48,4/20/2019 12:07,1121,0.222389853
258,110.318542,25.344398,4/20/2019 12:33,4/20/2019 13:07,2072,0
259,110.065795,25.521701,4/20/2019 14:40,4/20/2019 14:50,639,0.222389853
260,109.405136,25.224149,4/20/2019 18:46,4/20/2019 19:12,1583,0
261,109.405113,25.224193,4/20/2019 19:16,4/20/2019 19:26,603,0
262,109.407745,25.219284,4/20/2019 21:13,4/21/2019 8:53,41974,0
263,109.405761,25.224306,4/21/2019 8:58,4/21/2019 9:07,502,0
264,109.404998,25.223903,4/21/2019 9:13,4/21/2019 15:03,21035,0
265,108.636169,24.500192,4/22/2019 9:22,4/22/2019 9:28,344,0
266,108.650825,24.480098,4/22/2019 9:40,4/22/2019 9:47,416,0
267,108.650817,24.480102,4/22/2019 9:47,4/22/2019 10:59,4357,0
268,109.382667,24.325902,4/22/2019 13:48,4/22/2019 16:21,9161,0
269,109.387443,24.327566,4/22/2019 16:26,4/22/2019 16:38,759,0.444779707
270,109.382637,24.325801,4/22/2019 16:42,4/22/2019 18:35,6759,0
271,109.382225,24.325872,4/23/2019 9:28,4/23/2019 12:26,10675,0
272,109.38224,24.325923,4/23/2019 12:38,4/23/2019 12:49,650,0
273,109.382225,24.325916,4/23/2019 13:04,4/23/2019 15:23,8348,0.222389853
274,109.208595,23.732049,4/23/2019 18:02,4/23/2019 18:48,2775,0
275,109.20877,23.732122,4/24/2019 9:40,4/24/2019 17:25,27861,0
276,109.211074,23.756418,4/24/2019 17:38,4/25/2019 8:59,55274,0
277,109.208679,23.732122,4/25/2019 9:54,4/25/2019 10:10,993,0
278,109.208717,23.73211,4/25/2019 10:10,4/25/2019 19:37,33984,0
279,109.22087,23.735279,4/25/2019 19:43,4/26/2019 9:29,49542,0
280,109.827949,24.501655,4/26/2019 12:39,4/26/2019 12:50,690,0
281,110.303901,25.352039,4/26/2019 16:25,4/26/2019 18:49,8653,0
282,110.317276,25.294532,4/26/2019 19:26,4/26/2019 20:31,3909,0.222389853
283,110.313331,25.318,4/26/2019 20:47,4/27/2019 1:19,16328,0
284,110.303993,25.352216,4/27/2019 17:54,4/27/2019 18:05,688,0
285,110.302711,25.265583,4/27/2019 18:54,4/27/2019 21:07,8010,0
286,110.304176,25.351665,4/27/2019 22:56,4/28/2019 9:35,38393,0
287,110.304077,25.351726,4/28/2019 9:35,4/28/2019 9:48,734,0
288,110.303833,25.318353,4/28/2019 10:12,4/28/2019 13:35,12171,0
289,110.309844,25.373249,4/28/2019 13:52,4/28/2019 15:42,6578,0
290,110.302322,25.355325,4/28/2019 15:48,4/28/2019 16:23,2092,0
291,110.30381,25.31833,4/30/2019 12:06,4/30/2019 15:55,13759,0
292,110.290824,25.286191,4/30/2019 16:52,4/30/2019 17:00,470,0
293,110.266441,25.277235,4/30/2019 18:01,4/30/2019 18:30,1757,0
294,110.312225,25.316247,4/30/2019 19:18,4/30/2019 19:25,415,0
295,110.303886,25.318321,4/30/2019 19:29,4/30/2019 21:40,7859,0
296,110.304313,25.352201,4/30/2019 22:31,5/1/2019 7:20,31753,0
297,110.304252,25.352134,5/1/2019 7:20,5/1/2019 7:27,426,0
298,110.316299,25.39075,5/1/2019 7:32,5/1/2019 7:47,936,0
299,111.133308,25.439487,5/1/2019 10:40,5/1/2019 13:40,10749,0
300,111.13282,25.439353,5/1/2019 16:27,5/1/2019 19:32,11149,0
301,111.133415,25.439577,5/1/2019 19:34,5/1/2019 21:28,6858,0
302,111.15802,25.483739,5/1/2019 21:41,5/3/2019 8:57,40582,0
303,111.112533,25.565951,5/3/2019 9:26,5/3/2019 10:11,2713,0.222389853
304,111.158119,25.484069,5/3/2019 10:52,5/3/2019 12:20,5263,0
305,110.674316,25.583044,5/3/2019 14:19,5/3/2019 14:25,349,0
306,110.30397,25.352167,5/3/2019 16:12,5/4/2019 9:17,61470,0
307,110.303924,25.35218,5/4/2019 9:17,5/4/2019 9:24,409,0
308,110.293144,25.221733,5/4/2019 10:17,5/4/2019 10:29,701,0
309,110.293167,25.221736,5/4/2019 10:32,5/4/2019 10:50,1106,0
310,110.293197,25.221784,5/4/2019 10:59,5/4/2019 11:05,334,0
311,110.293182,25.221761,5/4/2019 11:05,5/4/2019 12:23,4675,0
312,110.311744,25.316459,5/4/2019 13:22,5/4/2019 16:01,9565,0
313,110.304496,25.352989,5/5/2019 9:03,5/5/2019 9:09,396,0
314,110.30973,25.373188,5/5/2019 10:50,5/5/2019 14:29,13099,0
315,110.303955,25.318273,5/5/2019 14:51,5/5/2019 16:43,6678,0
316,110.298988,25.332862,5/5/2019 16:58,5/5/2019 17:06,459,0
317,110.299003,25.332839,5/5/2019 17:06,5/5/2019 17:16,618,0
318,110.299766,25.322486,5/5/2019 17:19,5/6/2019 8:32,54743,0
319,110.303749,25.318445,5/6/2019 8:44,5/6/2019 22:11,48369,0
320,110.300193,25.321935,5/6/2019 22:15,5/7/2019 7:19,32652,0
321,110.303894,25.318334,5/7/2019 7:21,5/8/2019 11:32,15096,0
322,110.303916,25.318376,5/8/2019 11:32,5/8/2019 11:54,1309,0
323,110.311882,25.316351,5/8/2019 11:55,5/8/2019 12:35,2386,0.33358478
324,110.312652,25.342527,5/8/2019 17:03,5/8/2019 18:05,3728,0
325,110.303764,25.347389,5/9/2019 11:55,5/9/2019 14:31,9341,0
326,110.302505,25.356193,5/9/2019 14:32,5/9/2019 15:53,4856,0
327,110.300872,25.341667,5/9/2019 15:54,5/9/2019 16:14,1204,0
328,110.303901,25.318374,5/9/2019 16:26,5/9/2019 19:02,9351,0
329,110.313873,25.315397,5/9/2019 19:53,5/9/2019 21:47,6861,0
330,110.304557,25.35321,5/9/2019 22:22,5/10/2019 11:42,48040,0
331,110.275039,25.262069,5/10/2019 12:29,5/10/2019 13:08,2347,0
332,110.332527,25.258539,5/10/2019 14:01,5/10/2019 14:10,526,0
333,110.317184,25.265499,5/10/2019 16:01,5/10/2019 22:02,21653,0.222389854
334,110.31594,25.321516,5/10/2019 22:18,5/10/2019 23:17,3514,0
335,110.315139,25.32093,5/13/2019 16:38,5/23/2019 17:11,1952,0
336,110.30384,25.31812,5/23/2019 17:29,5/23/2019 18:52,4970,0
337,110.299789,25.322563,5/23/2019 18:57,5/24/2019 0:52,21279,0
338,110.304138,25.351886,5/24/2019 1:14,5/25/2019 12:35,40903,0
339,110.304847,25.356092,5/25/2019 12:37,5/25/2019 13:07,1778,0
340,110.290901,25.28652,5/25/2019 13:36,5/25/2019 13:52,951,0
341,110.290908,25.286632,5/25/2019 13:52,5/25/2019 14:12,1223,0
342,110.31282,25.316974,5/25/2019 15:23,5/25/2019 15:39,967,0
343,110.31285,25.316993,5/25/2019 15:39,5/25/2019 16:17,2265,0
344,110.281906,25.27705,5/25/2019 18:14,5/25/2019 18:28,859,0
345,110.306709,25.346084,5/25/2019 19:29,5/25/2019 19:47,1040,0
346,110.306716,25.346103,5/25/2019 19:47,5/25/2019 20:49,3744,0
347,110.304313,25.352354,5/25/2019 21:06,5/26/2019 7:32,37505,0
348,110.304321,25.35214,5/26/2019 7:32,5/26/2019 7:40,480,0
349,110.294471,25.306423,5/26/2019 7:57,5/26/2019 8:03,338,0
350,110.281532,25.277118,5/26/2019 9:10,5/26/2019 9:43,1988,0
351,110.304046,25.352256,5/26/2019 11:39,5/26/2019 15:07,12462,0
352,110.311798,25.316385,5/26/2019 15:30,5/26/2019 17:57,8797,0.444779707
353,110.317939,25.262266,5/26/2019 19:16,5/26/2019 20:44,5287,0
354,110.304061,25.351873,5/27/2019 17:20,5/27/2019 17:27,454,0
355,110.304061,25.318103,5/27/2019 17:42,5/27/2019 18:15,1933,0
356,110.312782,25.316812,5/27/2019 18:16,5/27/2019 18:37,1242,0
357,110.318016,25.285524,5/27/2019 18:52,5/27/2019 18:57,326,0
358,110.322563,25.275667,5/27/2019 19:07,5/27/2019 21:04,7059,0.222389853
359,110.315368,25.268896,5/27/2019 21:16,5/27/2019 23:41,8702,0
360,110.303855,25.318115,5/29/2019 17:08,5/30/2019 15:11,79429,0
361,110.313781,25.347974,5/30/2019 16:42,5/30/2019 16:57,942,0
362,110.313774,25.347951,5/31/2019 11:07,5/31/2019 12:32,5103,0
363,110.303947,25.351961,5/31/2019 12:37,5/31/2019 13:34,3441,0
364,110.288505,25.286222,5/31/2019 14:17,5/31/2019 14:33,929,0
365,110.288497,25.286214,5/31/2019 14:33,5/31/2019 14:39,385,0
366,110.288513,25.286176,5/31/2019 14:55,5/31/2019 15:20,1493,0
367,110.288551,25.286067,5/31/2019 15:26,5/31/2019 15:41,899,0
368,110.288528,25.286134,5/31/2019 16:05,5/31/2019 16:16,671,0
369,110.28852,25.286291,5/31/2019 16:54,5/31/2019 19:38,9817,0
370,110.288551,25.28626,5/31/2019 19:38,5/31/2019 19:44,387,0
371,110.305686,25.34937,5/31/2019 20:04,5/31/2019 20:24,1206,0
